{
    "norm_stats": {
      "state": {
        "mean": [
          92.27427673339844,
          192.73951721191406,
          192.7451934814453,
          171.5706787109375,
          171.76466369628906,
          21.22442626953125,
          20.039674758911133,
          -20.57926368713379,
          -2.3610551357269287,
          91.50238800048828,
          117.64797973632812,
          117.68408966064453,
          122.61195373535156,
          122.74838256835938,
          -4.933267116546631,
          38.46086883544922,
          15.575942993164062,
          65.0785903930664
        ],
        "std": [
          0.0,
          0.0,
          0.22534695267677307,
          0.0,
          0.2829807996749878,
          0.10290578007698059,
          0.0,
          0.012352647259831429,
          0.029660824686288834,
          15.82879638671875,
          45.207054138183594,
          45.22654724121094,
          31.876792907714844,
          31.872241973876953,
          3.130141019821167,
          20.97890281677246,
          14.150938034057617,
          35.38644790649414
        ],
        "q01": [
          92.197265625,
          192.65625,
          192.74410546875,
          171.5625,
          171.73828125,
          21.181640625,
          20.0390625,
          -20.654296875,
          -2.450127103328705,
          61.32515625,
          58.58279296875,
          58.755796875,
          64.19654296875,
          64.330048828125,
          -12.671578125,
          0.16112109375000028,
          -2.724609375,
          0.4404212825894356
        ],
        "q99": [
          92.285138671875,
          192.744123046875,
          192.744140625,
          171.650373046875,
          171.826154296875,
          21.269513671875,
          20.0390625,
          -20.566423828125,
          -2.268657056093216,
          120.453890625,
          192.8064375,
          192.894328125,
          174.6270703125,
          174.71939062500002,
          1.4821171875000019,
          72.200970703125,
          54.660234375,
          104.6967701138854
        ]
      },
      "actions": {
        "mean": [
          92.34455871582031,
          -191.251953125,
          -170.44338989257812,
          19.674468994140625,
          21.264009475708008,
          -20.640493392944336,
          -6.243124485015869,
          91.5546875,
          -119.43356323242188,
          -122.4383773803711,
          38.20743179321289,
          -4.8288655281066895,
          15.653264045715332,
          135.3054656982422
        ],
        "std": [
          0.13258251547813416,
          0.16535945236682892,
          0.125,
          0.08504508435726166,
          0.0,
          0.05327414721250534,
          0.0359608456492424,
          15.854717254638672,
          45.31095886230469,
          33.002471923828125,
          21.00609016418457,
          3.2145063877105713,
          14.255523681640625,
          76.05850982666016
        ],
        "q01": [
          92.28515625,
          -191.337890625,
          -170.5078125,
          19.599609375,
          21.181640625,
          -20.654296875,
          -6.3773112297058105,
          61.453125,
          -192.568359375,
          -174.05455078125,
          -0.4819921874999995,
          -12.748974609375,
          -2.474103515625,
          -5.1567763996124265
        ],
        "q99": [
          92.373029296875,
          -191.250017578125,
          -170.33206640625,
          19.77535546875,
          21.269513671875,
          -20.566423828125,
          -6.232661572742463,
          120.6509765625,
          -61.27242187499999,
          -63.379916015625,
          71.925732421875,
          1.8420996093750013,
          54.832974609375,
          223.6979402114868
        ]
      }
    }
  }